<?xml version="1.0" encoding="UTF-8"?>
<!DOCTYPE fontscolors PUBLIC "-//NetBeans//DTD Editor Fonts and Colors settings 1.1//EN" "http://www.netbeans.org/dtds/EditorFontsColors-1_1.dtd">
<fontscolors>
    <fontcolor default="comment" name="line_comment"/>
    <fontcolor default="keyword" name="keyword"/>
    <fontcolor default="keyword" name="command"/>
    <fontcolor default="string" name="string"/>
    <fontcolor default="whitespace" name="whitespace"/>
    <fontcolor default="identifier" name="identifier"/>
    <fontcolor default="operator" name="operator"/>
    <fontcolor default="error" name="error"/>
    <fontcolor default="number" name="number"/>
</fontscolors>
