<?xml version="1.0" encoding="UTF-8"?>
<!DOCTYPE fontscolors PUBLIC "-//NetBeans//DTD Editor Fonts and Colors settings 1.1//EN" "http://www.netbeans.org/dtds/EditorFontsColors-1_1.dtd">
<fontscolors>
    <fontcolor default="default" foreColor="lightGray" name="xml-pi-start"/>
    <fontcolor default="default" foreColor="lightGray" name="xml-pi-target"/>
    <fontcolor default="entity-reference" name="xml-ref"/>
    <fontcolor default="default" name="xml-text"/>
    <fontcolor default="whitespace" name="xml-ws"/>
    <fontcolor default="comment" name="xml-comment"/>
    <fontcolor default="markup-attribute" name="xml-attribute"/>
    <fontcolor default="error" name="xml-error"/>
    <fontcolor default="xml-attribute" name="xml-operator"/>
    <fontcolor default="whitespace" name="xml-EOL"/>
    <fontcolor default="markup-attribute-value" name="xml-value"/>
    <fontcolor default="default" foreColor="lightGray" name="xml-doctype"/>
    <fontcolor default="default" foreColor="lightGray" name="xml-pi-end"/>
    <fontcolor default="default" foreColor="yellow" name="xml-cdata-section"/>
    <fontcolor default="markup-element" name="xml-tag"/>
    <fontcolor default="default" foreColor="lightGray" name="xml-pi-content"/>
</fontscolors>
