<?xml version="1.0" encoding="UTF-8"?>
<!DOCTYPE fontscolors PUBLIC "-//NetBeans//DTD Editor Fonts and Colors settings 1.1//EN" "http://www.netbeans.org/dtds/EditorFontsColors-1_1.dtd">
<fontscolors>
    <fontcolor foreColor="yellow" name="char"/>
    <fontcolor foreColor="ff89bdff" name="markup-element"/>
    <fontcolor name="private"/>
    <fontcolor name="protected"/>
    <fontcolor default="string" foreColor="ff90ff5e" name="markup-attribute-value"/>
    <fontcolor foreColor="gray" name="unused"/>
    <fontcolor name="constructor">
        <font style="bold"/>
    </fontcolor>
    <fontcolor name="abstract"/>
    <fontcolor name="deprecated" strikeThrough="darkGray"/>
    <fontcolor name="static">
        <font style="italic"/>
    </fontcolor>
    <fontcolor bgColor="red" foreColor="white" name="error"/>
    <fontcolor foreColor="ffa06001" name="method-parameter"/>
    <fontcolor foreColor="ff90ff5e" name="keyword"/>
    <fontcolor name="whitespace"/>
    <fontcolor name="class"/>
    <fontcolor foreColor="yellow" name="number"/>
    <fontcolor name="enum"/>
    <fontcolor name="interface"/>
    <fontcolor foreColor="white" name="operator"/>
    <fontcolor foreColor="ff098618" name="field">
        <font style="bold"/>
    </fontcolor>
    <fontcolor bgColor="black" foreColor="white" name="default">
        <font name="Monaco" size="12" style="plain"/>
    </fontcolor>
    <fontcolor foreColor="ff90ff5e" name="string"/>
    <fontcolor foreColor="cyan" name="entity-reference"/>
    <fontcolor name="method">
        <font style="bold"/>
    </fontcolor>
    <fontcolor foreColor="ffc05dff" name="comment"/>
    <fontcolor name="local-variable"/>
    <fontcolor name="public"/>
    <fontcolor foreColor="ff4596ff" name="identifier"/>
    <fontcolor foreColor="white" name="separator"/>
    <fontcolor foreColor="ff4596ff" name="markup-attribute"/>
</fontscolors>
