<?xml version="1.0" encoding="UTF-8"?>
<!DOCTYPE fontscolors PUBLIC "-//NetBeans//DTD Editor Fonts and Colors settings 1.1//EN" "http://www.netbeans.org/dtds/EditorFontsColors-1_1.dtd">
<fontscolors>
    <fontcolor name="mark-occurrences" underline="pink"/>
    <fontcolor foreColor="black" name="T_INLINE_HTML"/>
    <fontcolor foreColor="ff4596ff" name="PHP_VARIABLE"/>
    <fontcolor default="comment" foreColor="ffc05dff" name="comment">
        <font style="italic"/>
    </fontcolor>
    <fontcolor name="mod-public"/>
    <fontcolor default="field" name="mod-field"/>
    <fontcolor foreColor="fff1d950" name="mod-constructor">
        <font style="bold"/>
    </fontcolor>
    <fontcolor foreColor="fff1d950" name="mod-method">
        <font style="bold"/>
    </fontcolor>
    <fontcolor default="keyword" foreColor="ffff6458" name="keyword"/>
    <fontcolor name="mod-protected"/>
    <fontcolor default="string" foreColor="ff90ff5e" name="string"/>
    <fontcolor default="separator" foreColor="white" name="separator"/>
    <fontcolor name="mod-local-variable"/>
    <fontcolor name="mod-private"/>
    <fontcolor name="mod-deprecated" strikeThrough="darkGray"/>
    <fontcolor foreColor="lightGray" name="PHP_CONTENT"/>
    <fontcolor name="mod-class">
        <font style="bold"/>
    </fontcolor>
    <fontcolor foreColor="ffa06001" name="mod-parameter"/>
    <fontcolor name="mod-unused" waveUnderlined="ff999999"/>
    <fontcolor foreColor="white" name="phpopenclose">
        <font style="bold"/>
    </fontcolor>
    <fontcolor default="operator" foreColor="ffff6458" name="operator"/>
    <fontcolor default="comment" name="phpdockeyword">
        <font style="bold"/>
    </fontcolor>
    <fontcolor name="mod-static">
        <font style="italic"/>
    </fontcolor>
    <fontcolor default="identifier" foreColor="white" name="PHP_STRING"/>
    <fontcolor foreColor="ff6c3d03" name="heredocdelimiter"/>
    <fontcolor default="identifier" foreColor="ff83cbed" name="identifier"/>
    <fontcolor name="mod-abstract"/>
    <fontcolor default="constant" foreColor="ff0a9cff" name="constant">
        <font style="italic"/>
    </fontcolor>
</fontscolors>
